{
  "interactive-discover-1": {
    "v0": {
      "n_results": 6,
      "n_http_requests": 0,
      "execution_time": {
        "average": 176.48365189999896,
        "min": 167.96384100000432,
        "max": 182.98767199998838,
        "std": 6.576533930650188
      }
    },
    "v1": {
      "n_results": 4,
      "n_http_requests": 0,
      "execution_time": {
        "average": 69.64714940000121,
        "min": 65.83423799999582,
        "max": 79.5713609999948,
        "std": 4.721433966976677
      }
    },
    "v2": {
      "n_results": 1,
      "n_http_requests": 0,
      "execution_time": {
        "average": 68.3449553999977,
        "min": 65.38363799999934,
        "max": 72.25185600000259,
        "std": 3.5358301429055996
      }
    },
    "v3": {
      "n_results": 14,
      "n_http_requests": 0,
      "execution_time": {
        "average": 319.8781900000016,
        "min": 303.2524540000013,
        "max": 339.72442499999306,
        "std": 16.64560278491869
      }
    },
    "v4": {
      "n_results": 8,
      "n_http_requests": 0,
      "execution_time": {
        "average": 162.34409210000013,
        "min": 153.64864499999385,
        "max": 173.4662260000041,
        "std": 8.152907200480598
      }
    }
  },
  "interactive-discover-2": {
    "v0": {
      "n_results": 66,
      "n_http_requests": 0,
      "execution_time": {
        "average": 1011.4182253999985,
        "min": 903.7551590000076,
        "max": 1085.81184699999,
        "std": 56.459094966658334
      }
    },
    "v1": {
      "n_results": 46,
      "n_http_requests": 0,
      "execution_time": {
        "average": 139.83796750000184,
        "min": 133.66494099999545,
        "max": 154.8069220000034,
        "std": 7.2063008520279235
      }
    },
    "v2": {
      "n_results": 32,
      "n_http_requests": 0,
      "execution_time": {
        "average": 128.40942329999817,
        "min": 122.5473939999938,
        "max": 135.98441200000525,
        "std": 5.364171178882993
      }
    },
    "v3": {
      "n_results": 198,
      "n_http_requests": 0,
      "execution_time": {
        "average": 4350.8642605000005,
        "min": 4097.674891999995,
        "max": 4619.524187000003,
        "std": 185.08770399873333
      }
    },
    "v4": {
      "n_results": 98,
      "n_http_requests": 0,
      "execution_time": {
        "average": 1157.5011512999977,
        "min": 1043.7667619999993,
        "max": 1301.2156699999905,
        "std": 101.51354065769797
      }
    }
  },
  "interactive-discover-3": {
    "v0": {
      "n_results": 71,
      "n_http_requests": 0,
      "execution_time": {
        "average": 1317.9875516000016,
        "min": 1243.5103300000046,
        "max": 1365.6664719999972,
        "std": 46.42976585257327
      }
    },
    "v1": {
      "n_results": 67,
      "n_http_requests": 0,
      "execution_time": {
        "average": 962.9645486999973,
        "min": 916.2075869999971,
        "max": 997.2007279999962,
        "std": 22.060620215912895
      }
    },
    "v2": {
      "n_results": 55,
      "n_http_requests": 0,
      "execution_time": {
        "average": 800.146617699998,
        "min": 751.4035370000056,
        "max": 832.972941999993,
        "std": 23.422273200535475
      }
    },
    "v3": {
      "n_results": 203,
      "n_http_requests": 0,
      "execution_time": {
        "average": 3954.4537223999987,
        "min": 3746.5785319999995,
        "max": 4041.395306999999,
        "std": 89.63193411573728
      }
    },
    "v4": {
      "n_results": 142,
      "n_http_requests": 0,
      "execution_time": {
        "average": 2473.3165542000015,
        "min": 2411.805563999995,
        "max": 2531.9845910000004,
        "std": 38.620175893225614
      }
    }
  },
  "interactive-discover-4": {
    "v0": {
      "n_results": 5,
      "n_http_requests": 0,
      "execution_time": {
        "average": 202.116668699999,
        "min": 193.34853499999736,
        "max": 211.19912699999986,
        "std": 7.411726865468976
      }
    },
    "v1": {
      "n_results": 3,
      "n_http_requests": 0,
      "execution_time": {
        "average": 176.2500893000004,
        "min": 167.95596799999475,
        "max": 188.09999600000447,
        "std": 6.811059757153415
      }
    },
    "v2": {
      "n_results": 3,
      "n_http_requests": 0,
      "execution_time": {
        "average": 165.94513620000072,
        "min": 160.69326499999443,
        "max": 172.85294600001362,
        "std": 5.555059933139547
      }
    },
    "v3": {
      "n_results": 3,
      "n_http_requests": 0,
      "execution_time": {
        "average": 170.41594949999998,
        "min": 165.1559949999937,
        "max": 177.07737800000177,
        "std": 5.738458853797749
      }
    },
    "v4": {
      "n_results": 7,
      "n_http_requests": 0,
      "execution_time": {
        "average": 300.7448974000014,
        "min": 286.91736500000115,
        "max": 316.6724990000075,
        "std": 10.150527749090365
      }
    }
  },
  "interactive-discover-5": {
    "v0": {
      "n_results": 15,
      "n_http_requests": 0,
      "execution_time": {
        "average": 218.44335619999765,
        "min": 210.72029899999325,
        "max": 225.77885699999752,
        "std": 6.992458742958905
      }
    },
    "v1": {
      "n_results": 3,
      "n_http_requests": 0,
      "execution_time": {
        "average": 105.08937959999894,
        "min": 102.95324299999629,
        "max": 106.70881999999983,
        "std": 3.6871964468043212
      }
    },
    "v2": {
      "n_results": 3,
      "n_http_requests": 0,
      "execution_time": {
        "average": 98.28192570000101,
        "min": 93.74248300000909,
        "max": 101.88709299999755,
        "std": 4.276303393236361
      }
    },
    "v3": {
      "n_results": 4,
      "n_http_requests": 0,
      "execution_time": {
        "average": 101.93646049999953,
        "min": 99.64112800000294,
        "max": 104.5862230000057,
        "std": 3.661159344354326
      }
    },
    "v4": {
      "n_results": 20,
      "n_http_requests": 0,
      "execution_time": {
        "average": 339.56357320000245,
        "min": 321.2693880000006,
        "max": 359.3334840000025,
        "std": 13.458501098115795
      }
    }
  },
  "interactive-discover-6": {
    "v1": {
      "n_results": 1,
      "n_http_requests": 0,
      "execution_time": {
        "average": 101.16715299999923,
        "min": 97.77667799999472,
        "max": 105.3206979999959,
        "std": 4.140637172749564
      }
    },
    "v2": {
      "n_results": 1,
      "n_http_requests": 0,
      "execution_time": {
        "average": 92.71569040000323,
        "min": 89.0371540000051,
        "max": 96.93130100000417,
        "std": 3.746217873076829
      }
    },
    "v3": {
      "n_results": 2,
      "n_http_requests": 0,
      "execution_time": {
        "average": 132.13142129999906,
        "min": 126.79597099999955,
        "max": 137.0070720000076,
        "std": 4.779851623087972
      }
    },
    "v4": {
      "n_results": 27,
      "n_http_requests": 0,
      "execution_time": {
        "average": 1115.8881962,
        "min": 989.3868780000048,
        "max": 1203.6137600000075,
        "std": 74.38455881830637
      }
    }
  },
  "interactive-discover-7": {
    "v1": {
      "n_results": 1,
      "n_http_requests": 0,
      "execution_time": {
        "average": 121.42034689999855,
        "min": 117.50287599999865,
        "max": 131.8449660000042,
        "std": 6.262309697666988
      }
    },
    "v2": {
      "n_results": 1,
      "n_http_requests": 0,
      "execution_time": {
        "average": 111.41508370000084,
        "min": 107.5804449999996,
        "max": 116.05499400000554,
        "std": 4.5663080106383385
      }
    },
    "v4": {
      "n_results": 1,
      "n_http_requests": 0,
      "execution_time": {
        "average": 116.19097480000201,
        "min": 110.84414200000174,
        "max": 129.89980600000126,